{
 "easy": 267975,
 "hard": 1374,
 "label_0": 178676,
 "label_1": 104317,
 "gamma": 2.399921952980469,
 "alpha": [
  0.3686204252402003,
  0.6313795747597997
 ]
}